<?xml version="1.0" encoding="UTF-8"?>
<project-private xmlns="http://www.netbeans.org/ns/project-private/1">
    <editor-bookmarks xmlns="http://www.netbeans.org/ns/editor-bookmarks/2" lastBookmarkId="1"/>
    <open-files xmlns="http://www.netbeans.org/ns/projectui-open-files/2">
        <group>
            <file>file:/C:/Users/Rafa/OneDrive%20-%20UNIVERSIDAD%20ALICANTE/U3/C1/SISTEMAS%20INTELIGENTES/Practicas/P2/parte_a/plantilla/src/pkg1819_p2si/ImagenesPrueba.java</file>
            <file>file:/C:/Users/Rafa/OneDrive%20-%20UNIVERSIDAD%20ALICANTE/U3/C1/SISTEMAS%20INTELIGENTES/Practicas/P2/parte_a/plantilla/src/pkg1819_p2si/Imagen.java</file>
            <file>file:/C:/Users/Rafa/OneDrive%20-%20UNIVERSIDAD%20ALICANTE/U3/C1/SISTEMAS%20INTELIGENTES/Practicas/P2/parte_a/plantilla/src/pkg1819_p2si/Hiperplano.java</file>
            <file>file:/C:/Users/Rafa/OneDrive%20-%20UNIVERSIDAD%20ALICANTE/U3/C1/SISTEMAS%20INTELIGENTES/Practicas/P2/parte_a/plantilla/src/pkg1819_p2si/ImagenesTest.java</file>
            <file>file:/C:/Users/Rafa/OneDrive%20-%20UNIVERSIDAD%20ALICANTE/U3/C1/SISTEMAS%20INTELIGENTES/Practicas/P2/parte_a/plantilla/src/pkg1819_p2si/clasificadorFuerte.java</file>
            <file>file:/C:/Users/Rafa/OneDrive%20-%20UNIVERSIDAD%20ALICANTE/U3/C1/SISTEMAS%20INTELIGENTES/Practicas/P2/parte_a/plantilla/src/pkg1819_p2si/Main.java</file>
            <file>file:/C:/Users/Rafa/OneDrive%20-%20UNIVERSIDAD%20ALICANTE/U3/C1/SISTEMAS%20INTELIGENTES/Practicas/P2/parte_a/plantilla/src/pkg1819_p2si/MostrarImagen.java</file>
            <file>file:/C:/Users/Rafa/OneDrive%20-%20UNIVERSIDAD%20ALICANTE/U3/C1/SISTEMAS%20INTELIGENTES/Practicas/P2/parte_a/plantilla/src/pkg1819_p2si/clasificadorDebil.java</file>
            <file>file:/C:/Users/Rafa/OneDrive%20-%20UNIVERSIDAD%20ALICANTE/U3/C1/SISTEMAS%20INTELIGENTES/Practicas/P2/parte_a/plantilla/src/pkg1819_p2si/DBLoader.java</file>
            <file>file:/C:/Users/Rafa/OneDrive%20-%20UNIVERSIDAD%20ALICANTE/U3/C1/SISTEMAS%20INTELIGENTES/Practicas/P2/parte_a/plantilla/src/pkg1819_p2si/Adaboost.java</file>
        </group>
    </open-files>
</project-private>
