<?xml version="1.0" encoding="UTF-8"?>
<actions>
        <action>
            <actionName>CUSTOM-mvn compile</actionName>
            <displayName>mvn compile</displayName>
            <goals>
                <goal>compile</goal>
            </goals>
        </action>
        <action>
            <actionName>CUSTOM-mvn test-compile</actionName>
            <displayName>mvn test-compile</displayName>
            <goals>
                <goal>test-compile</goal>
            </goals>
        </action>
        <action>
            <actionName>CUSTOM-mvn test</actionName>
            <displayName>mvn test</displayName>
            <goals>
                <goal>test</goal>
            </goals>
        </action>
    </actions>
