<?xml version="1.0" encoding="UTF-8"?>
<actions>
        <action>
            <actionName>CUSTOM-mvn package</actionName>
            <displayName>mvn package</displayName>
            <goals>
                <goal>package</goal>
            </goals>
        </action>
        <action>
            <actionName>CUSTOM-mvn install</actionName>
            <displayName>mvn install</displayName>
            <goals>
                <goal>install</goal>
            </goals>
        </action>
    </actions>
