<?xml version="1.0" encoding="UTF-8"?>
<actions>
        <action>
            <actionName>CUSTOM-mvn test</actionName>
            <displayName>mvn test</displayName>
            <goals>
                <goal>test</goal>
            </goals>
        </action>
        <action>
            <actionName>CUSTOM-mvn cobertura:cobertura</actionName>
            <displayName>mvn cobertura:cobertura</displayName>
            <goals>
                <goal>cobertura:cobertura</goal>
            </goals>
        </action>
        <action>
            <actionName>CUSTOM-mvn site</actionName>
            <displayName>mvn site</displayName>
            <goals>
                <goal>site</goal>
            </goals>
        </action>
        <action>
            <actionName>CUSTOM-mvn clean</actionName>
            <displayName>mvn clean</displayName>
            <goals>
                <goal>clean</goal>
            </goals>
        </action>
        <action>
            <actionName>CUSTOM-mvn cobertura:clean site</actionName>
            <displayName>mvn cobertura:clean site</displayName>
            <goals>
                <goal>cobertura:clean</goal>
                <goal>site</goal>
            </goals>
        </action>
    </actions>
