<?xml version="1.0" encoding="UTF-8"?>
<actions>
        <action>
            <actionName>CUSTOM-mvn compile</actionName>
            <displayName>mvn compile</displayName>
            <goals>
                <goal>compile</goal>
            </goals>
        </action>
        <action>
            <actionName>CUSTOM-mvn test-compile</actionName>
            <displayName>mvn test-compile</displayName>
            <goals>
                <goal>test-compile</goal>
            </goals>
        </action>
        <action>
            <actionName>CUSTOM-mvn test</actionName>
            <displayName>mvn test</displayName>
            <goals>
                <goal>test</goal>
            </goals>
        </action>
        <action>
            <actionName>CUSTOM-mvn clean</actionName>
            <displayName>mvn clean</displayName>
            <goals>
                <goal>clean</goal>
            </goals>
        </action>
        <action>
            <actionName>CUSTOM-mvn surefire:test</actionName>
            <displayName>mvn surefire:test</displayName>
            <goals>
                <goal>surefire:test</goal>
            </goals>
        </action>
        <action>
            <actionName>CUSTOM-tests con parametros</actionName>
            <displayName>tests con parametros</displayName>
            <goals>
                <goal>test</goal>
            </goals>
            <properties>
                <mis.categorias>categorias.ConParametros</mis.categorias>
            </properties>
        </action>
        <action>
            <actionName>CUSTOM-tests sin parametros</actionName>
            <displayName>tests sin parametros</displayName>
            <goals>
                <goal>test</goal>
            </goals>
            <properties>
                <mis.categorias>categorias.SinParametros</mis.categorias>
            </properties>
        </action>
        <action>
            <actionName>CUSTOM-test Datos Tabla A</actionName>
            <displayName>test Datos Tabla A</displayName>
            <goals>
                <goal>test</goal>
            </goals>
            <properties>
                <mis.categorias>categorias.TestsLlanosTablaA</mis.categorias>
            </properties>
        </action>
        <action>
            <actionName>CUSTOM-test Datos Tabla B</actionName>
            <displayName>test Datos Tabla B</displayName>
            <goals>
                <goal>test</goal>
            </goals>
            <properties>
                <mis.categorias>categorias.TestsLlanosTablaB</mis.categorias>
            </properties>
        </action>
        <action>
            <actionName>CUSTOM-tests Datos (tablas A y B)</actionName>
            <displayName>tests Datos (tablas A y B)</displayName>
            <goals>
                <goal>test</goal>
            </goals>
            <properties>
                <mis.categorias>categorias.TestsLlanosTablaA, categorias.TestsLlanosTablaB</mis.categorias>
            </properties>
        </action>
    </actions>
