<?xml version="1.0" encoding="UTF-8"?>
<actions>
        <action>
            <actionName>CUSTOM-mvn verify</actionName>
            <displayName>mvn verify</displayName>
            <goals>
                <goal>verify</goal>
            </goals>
        </action>
        <action>
            <actionName>CUSTOM-mvn clean</actionName>
            <displayName>mvn clean</displayName>
            <goals>
                <goal>clean</goal>
            </goals>
        </action>
        <action>
            <actionName>CUSTOM-mvn integration-test</actionName>
            <displayName>mvn integration-test</displayName>
            <goals>
                <goal>integration-test</goal>
            </goals>
        </action>
    </actions>
