<?xml version="1.0" encoding="UTF-8"?>
<actions>
        <action>
            <actionName>CUSTOM-mvn package</actionName>
            <displayName>mvn package</displayName>
            <goals>
                <goal>package</goal>
            </goals>
        </action>
        <action>
            <actionName>CUSTOM-mvn install</actionName>
            <displayName>mvn install</displayName>
            <goals>
                <goal>install</goal>
            </goals>
        </action>
        <action>
            <actionName>CUSTOM-mvn site</actionName>
            <displayName>mvn site</displayName>
            <goals>
                <goal>site</goal>
            </goals>
        </action>
        <action>
            <actionName>CUSTOM-mvn clean</actionName>
            <displayName>mvn clean</displayName>
            <goals>
                <goal>clean</goal>
            </goals>
        </action>
        <action>
            <actionName>CUSTOM-mvn cobertura:cobertura</actionName>
            <displayName>mvn cobertura:cobertura</displayName>
            <goals>
                <goal>cobertura:cobertura</goal>
            </goals>
        </action>
        <action>
            <actionName>CUSTOM-mvn cobertura:cobertura-integration-test</actionName>
            <displayName>mvn cobertura:cobertura-integration-test</displayName>
            <goals>
                <goal>cobertura:cobertura-integration-test</goal>
            </goals>
        </action>
    </actions>
