<?xml version="1.0" encoding="UTF-8"?>
<project-private xmlns="http://www.netbeans.org/ns/project-private/1">
    <editor-bookmarks xmlns="http://www.netbeans.org/ns/editor-bookmarks/2" lastBookmarkId="0"/>
    <open-files xmlns="http://www.netbeans.org/ns/projectui-open-files/2">
        <group>
            <file>file:/C:/Users/phado/Desktop/Practica%202%202018/parte_a/plantilla/src/pkg1819_p2si/Main.java</file>
            <file>file:/C:/Users/phado/Desktop/Practica%202%202018/parte_a/plantilla/src/pkg1819_p2si/Imagen.java</file>
            <file>file:/C:/Users/phado/Desktop/Practica%202%202018/parte_a/plantilla/src/pkg1819_p2si/AdaBoost.java</file>
        </group>
    </open-files>
</project-private>
