<?xml version="1.0" encoding="UTF-8"?>
<actions>
        <action>
            <actionName>CUSTOM-Restaurar BD</actionName>
            <displayName>Restaurar BD</displayName>
            <goals>
                <goal>sql:execute@create-db</goal>
            </goals>
        </action>
        <action>
            <actionName>CUSTOM-Inicializar BD</actionName>
            <displayName>Inicializar BD</displayName>
            <goals>
                <goal>sql:execute@create-data</goal>
            </goals>
        </action>
        <action>
            <actionName>CUSTOM-mvn clean</actionName>
            <displayName>mvn clean</displayName>
            <goals>
                <goal>clean</goal>
            </goals>
        </action>
        <action>
            <actionName>CUSTOM-mvn install</actionName>
            <displayName>mvn install</displayName>
            <goals>
                <goal>install</goal>
            </goals>
        </action>
        <action>
            <actionName>CUSTOM-mvn verify</actionName>
            <displayName>mvn verify</displayName>
            <goals>
                <goal>failsafe:verify</goal>
            </goals>
        </action>
        <action>
            <actionName>CUSTOM-mvn integration-test</actionName>
            <displayName>mvn integration-test</displayName>
            <goals>
                <goal>failsafe:integration-test</goal>
            </goals>
        </action>
        <action>
            <actionName>CUSTOM-Pruebas unitarias</actionName>
            <displayName>Pruebas unitarias</displayName>
            <goals>
                <goal>test</goal>
            </goals>
        </action>
        <action>
            <actionName>CUSTOM-Pruebas de integración Fase 1</actionName>
            <displayName>Pruebas de integración Fase 1</displayName>
            <goals>
                <goal>package</goal>
                <goal>sql:execute</goal>
                <goal>failsafe:integration-test</goal>
            </goals>
        </action>
    </actions>
